"source", "destination", "startingTime", "finishingTime", "score", "size", "message", "thread", "href", "parent"
"SamYogh","hypel","2015-11-27 06:22:44","2015-11-27 06:22:44","7","5","I cried. 11/10 would cry again","cxdyoqn","cxdyoqn","3uckyv"
"cinnamon_muncher","lagerbaer","2015-11-27 06:47:17","2015-11-27 06:47:17","4","16","Seriously?!? The explanation is literally defined in the joke. The cowboy is saying words about fighting.","cxdz0uz","cxdziih","cxdz0uz"
"lagerbaer","hypel","2015-11-27 06:33:01","2015-11-27 06:33:01","1","4","/u/JokeExplainBot to the rescue?","cxdz0uz","cxdz0uz","3uckyv"
"JokeExplainBot","hypel","2015-11-27 08:02:47","2015-11-27 08:02:47","4","12","**Combat, Battle, Warfare, Skirmish, Brawl** and **Scuffle** are words that mean **fighting**.","cxe1zd1","cxe1zd1","3uckyv"
"lagerbaer","cinnamon_muncher","2015-11-27 07:36:41","2015-11-27 07:36:41","1","19","Well yeah but... why is the punchline that someone says that those are fighting words? Why is that funny?","cxdz0uz","cxe15mp","cxdziih"
"hypel","hypel","2015-11-27 01:14:59","2015-11-27 01:14:59","52","52","and orders himself a drink at the bar counter. Turning to the fellow sitting next to him, he slowly utters, “Combat. Battle. Warfare. Skirmish. Brawl. Scuffle.” The other man slams his glass down on the counter, gets up out of his seat, turns to face the cowboy, and says, “Hey, them’s fightin’ words!”","3uckyv","3uckyv","3uckyv"
"cinnamon_muncher","lagerbaer","2015-11-27 07:43:55","2015-11-27 07:43:55","1","30","It is Non-Sequitur humor. The unexpected response. You expect the other man's words of “Hey, them’s fightin’ words!” to be aggressive, but he is actually only providing an analytical definition.","cxdz0uz","cxe1eam","cxe15mp"
"cinnamon_muncher","Kelseir","2015-11-27 08:05:31","2015-11-27 08:05:31","1","25","""them's fightin words!"" has been a trope for a hundred years. It was popular with [Yosemite Sam](http://www.imdb.com/character/ch0000588/quotes) and even included in [Supreme Court decisions](https://en.wikipedia.org/wiki/Fighting_words#United_States).","cxdz0uz","cxe22cj","cxe1kgz"
"lagerbaer","Kelseir","2015-11-27 07:59:19","2015-11-27 07:59:19","1","31","Indeed, wasn't familiar at all with that expression. I assume it means: ""Hey there, watch what you're saying, those words will start a fight with me"". Well, I understand it now. Meh.","cxdz0uz","cxe1vlc","cxe1kgz"
"Kelseir","cinnamon_muncher","2015-11-27 07:49:21","2015-11-27 07:49:21","1","53","I think, asuming /u/lagerbaer was thinking the same way I was, that he didn't equate ""them's fightin words!"" to be a term used for aggressive challenging. It's in the same vein of not getting the ""how do Asian people name their children"", if you haven't ever met an Asian person/heard an Asian name.","cxdz0uz","cxe1kgz","cxe1eam"
"tem13","lagerbaer","2015-11-27 06:47:36","2015-11-27 06:47:36","2","7","The words stated are **synonyms** for **fighting**","cxdz0uz","cxdzix2","cxdz0uz"